"Value","Designator","Footprint","LCSC Part Number","Digikey Part Number","Comments"
"100n","C3","C_0402_1005Metric","C2169363","",""
"1uF","C1,C2","C_0402_1005Metric","C2169363","",""
"D","D2","D_0603_1608Metric","C3758192","",""
"LED","D1","LED_0402_1005Metric","C5336761","",""
"Conn_01x05_Socket","J3,J4,J5,J6","PinHeader_1x05_P1.27mm_Vertical_SMD_Pin1Left","","",""
"USB_C_Receptacle_USB2.0_16P","J2","USB_C_Receptacle_XKB_U262-16XN-4BVC11","C319148","",""
"Q_Dual_PMOS_S1G1D2S2G2D1","Q1","SOT-563","C504144","",""
"47","R5,R6","R_0402_1005Metric","C137973","",""
"100","R10","R_0402_1005Metric","C106232","",""
"1.5k","R2,R7","R_0402_1005Metric","C2929900","",""
"5.1k","R3,R4","R_0402_1005Metric","C103086","",""
"10k","R1","R_0402_1005Metric","C60490","",""
"100k","R8,R9","R_0402_1005Metric","C2906883","",""
"SK-3296S-01-L1","S1","SK3296S01L1","C319020","",""
"CH32V003FxUx","U1","QFN-20-1EP_3x3mm_P0.4mm_EP1.65x1.65mm","C5299908","",""
"TP4057","U2","TSOT-23-6","C12044","",""
"XB3303ASOT23","U3","SOT-23","C154937","",""
"XC6206PxxxMR","U4","SOT-23-3","C5252899","",""
